22/07/2019 13:00;883674
23/07/2019 13:00;883674
24/07/2019 13:00;883674
25/07/2019 13:00;883674
26/07/2019 13:00;883780
27/07/2019 13:00;884583
28/07/2019 13:00;885115
29/07/2019 13:00;885384
30/07/2019 13:00;885690
31/07/2019 13:00;886274
01/08/2019 13:00;886738
02/08/2019 12:00;887050
03/08/2019 13:00;887459
04/08/2019 13:00;887476
05/08/2019 13:00;887494
06/08/2019 13:00;887510
07/08/2019 13:00;887527
08/08/2019 13:00;887542
09/08/2019 12:00;887557
10/08/2019 13:00;887572
11/08/2019 13:00;887587
12/08/2019 13:00;887601
13/08/2019 13:00;887615
14/08/2019 13:00;887628
15/08/2019 13:00;887641
16/08/2019 13:00;887654
17/08/2019 13:00;887666
18/08/2019 12:00;887677
19/08/2019 13:00;887689
20/08/2019 13:00;887699
21/08/2019 13:00;887710
22/08/2019 13:00;887720
23/08/2019 13:00;887729
24/08/2019 13:00;887739
25/08/2019 12:00;887747
26/08/2019 13:00;888183
27/08/2019 13:00;888757
28/08/2019 13:00;889633
29/08/2019 13:00;890092
30/08/2019 13:00;890782
31/08/2019 13:00;891490
01/09/2019 13:00;892134
02/09/2019 13:00;892651
03/09/2019 13:00;893329
04/09/2019 13:00;893822
05/09/2019 13:00;894336
06/09/2019 13:00;894974
07/09/2019 13:00;895718
08/09/2019 13:00;896110
09/09/2019 12:00;896633
10/09/2019 13:00;897188
11/09/2019 13:00;898207
12/09/2019 13:00;898718
13/09/2019 12:00;899107
14/09/2019 13:00;899740
15/09/2019 13:00;900438
16/09/2019 13:00;900913
17/09/2019 13:00;901630
18/09/2019 13:00;902193
19/09/2019 13:00;902764
20/09/2019 12:00;903140
21/09/2019 12:00;903621
22/09/2019 13:00;904057
23/09/2019 13:00;904483
24/09/2019 13:00;905076
25/09/2019 13:00;905591
26/09/2019 13:00;906072
27/09/2019 13:00;906313
28/09/2019 13:00;906882
29/09/2019 13:00;907341
30/09/2019 13:00;907830
01/10/2019 13:00;908239
02/10/2019 13:00;908784
03/10/2019 13:00;909251
04/10/2019 13:00;909642
05/10/2019 13:00;910367
06/10/2019 13:00;910729
07/10/2019 13:00;911094
08/10/2019 12:00;911553
09/10/2019 13:00;912272
10/10/2019 13:00;912828
11/10/2019 13:00;913391
12/10/2019 13:00;914009
13/10/2019 13:00;914437
14/10/2019 13:00;915071
15/10/2019 13:00;915503
16/10/2019 13:00;916301
17/10/2019 13:00;916702
18/10/2019 13:00;917162
19/10/2019 13:00;917740
20/10/2019 13:00;918351
21/10/2019 13:00;918799
22/10/2019 13:00;919574
23/10/2019 13:00;920250
24/10/2019 13:00;920819
25/10/2019 13:00;921518
26/10/2019 13:00;922067
27/10/2019 12:00;922636
28/10/2019 23:00;923210
29/10/2019 23:00;923652
30/10/2019 12:00;923652
31/10/2019 23:00;923652
01/11/2019 12:00;923652
02/11/2019 12:00;923652
03/11/2019 11:00;923652
04/11/2019 12:00;923652
05/11/2019 23:00;924163
06/11/2019 12:00;924962
07/11/2019 12:00;925531
08/11/2019 12:00;926279
09/11/2019 23:00;926555
10/11/2019 11:00;927123
11/11/2019 12:00;927488
12/11/2019 23:00;928718
13/11/2019 12:00;928945
14/11/2019 23:00;929481
15/11/2019 12:00;930274
16/11/2019 12:00;930527
17/11/2019 12:00;931269
18/11/2019 23:00;931443
19/11/2019 23:00;932271
20/11/2019 12:00;933035
21/11/2019 11:00;933625
22/11/2019 12:00;934143
23/11/2019 12:00;934545
24/11/2019 12:00;935304
25/11/2019 23:00;935633
26/11/2019 12:00;936173
27/11/2019 12:00;936667
28/11/2019 12:00;937284
29/11/2019 11:00;937500
30/11/2019 12:00;938091
01/12/2019 23:00;938610
02/12/2019 11:00;938991
03/12/2019 12:00;939379
04/12/2019 12:00;940307
05/12/2019 12:00;940601
06/12/2019 12:00;940854
07/12/2019 12:00;941465
08/12/2019 12:00;942149
09/12/2019 12:00;942567
10/12/2019 12:00;943176
11/12/2019 12:00;943895
12/12/2019 12:00;944386
13/12/2019 12:00;944752
14/12/2019 12:00;945324
15/12/2019 12:00;945892
16/12/2019 12:00;946179
17/12/2019 12:00;946734
18/12/2019 12:00;947621
19/12/2019 12:00;948411
20/12/2019 12:00;948733
21/12/2019 12:00;949107
22/12/2019 12:00;949609
23/12/2019 12:00;950170
24/12/2019 12:00;950653
25/12/2019 12:00;951548
26/12/2019 12:00;952418
27/12/2019 12:00;952868
28/12/2019 12:00;953775
29/12/2019 12:00;954236
30/12/2019 12:00;954618
31/12/2019 12:00;955023
